{
  "urls": [
    "_output/as_main",
    "_output/as_main"
  ],
  "sprite": {
    "inGame/explosions/unit_explosion_A": [
      0,
      686.4399092970522
    ],
    "mainMenu/turretFire_Simple": [
      2000,
      1723.5147392290248
    ],
    "mainMenu/ui_inSound": [
      5000,
      1269.9999999999995
    ]
  }
}